column,U,p_value,n_class0,n_class1
duration_months,132004.5,7.981665531518923e-11,300,700
age,90028.5,0.0003449070432337232,300,700
credit_amount,116520.0,0.005917609464620009,300,700
