duration_group,target
5Y+,1.0
3-5Y,0.5116279069767442
2-3Y,0.3986013986013986
1-2Y,0.29683698296836986
<1Y,0.2116991643454039
