amount_group,target
10K-20K,0.6
5K-10K,0.36486486486486486
<2K,0.2800925925925926
2K-5K,0.2657894736842105
