age_group,target
<25,0.42105263157894735
25-35,0.2972292191435768
55+,0.2676056338028169
45-55,0.24778761061946902
35-45,0.24017467248908297
