age_group,<2K,2K-5K,5K-10K,10K-20K,20K+
<25,0.4065934065934066,0.39436619718309857,0.47619047619047616,0.7142857142857143,
25-35,0.3057324840764331,0.25595238095238093,0.31666666666666665,0.6666666666666666,
35-45,0.2127659574468085,0.23809523809523808,0.24324324324324326,0.42857142857142855,
45-55,0.18867924528301888,0.15789473684210525,0.55,0.5,
55+,0.16216216216216217,0.21052631578947367,0.5,0.8,
